prompt_id,prompt,continuation_text,token_idx,token_id,token_str,p_a,p_b,ratio_pA_over_pB
0,The role of large language models in modern society is," not just to support the social contract but also as a means to promote and advance its development.
",0,407, not,0.08403671730721422,0.03800154399854054,2.2114027080173817
0,The role of large language models in modern society is," not just to support the social contract but also as a means to promote and advance its development.
",1,655, just,0.024198234544282143,0.02931606282901712,0.8254257976391927
0,The role of large language models in modern society is," not just to support the social contract but also as a means to promote and advance its development.
",2,284, to,0.30781736462734516,0.10803821505959191,2.849152630460978
0,The role of large language models in modern society is," not just to support the social contract but also as a means to promote and advance its development.
",3,1104, support,0.009529670775481457,0.008482730072002112,1.1234202543983867
0,The role of large language models in modern society is," not just to support the social contract but also as a means to promote and advance its development.
",4,262, the,0.13346464893015758,0.10916065448857461,1.2226442719260793
0,The role of large language models in modern society is," not just to support the social contract but also as a means to promote and advance its development.
",5,1919, social,0.019848829081683308,0.003924048826747736,5.058252319998291
0,The role of large language models in modern society is," not just to support the social contract but also as a means to promote and advance its development.
",6,2775, contract,0.03680260208322162,0.013368065740138841,2.7530237207555346
0,The role of large language models in modern society is," not just to support the social contract but also as a means to promote and advance its development.
",7,475, but,0.3113195370714815,0.16669344754867857,1.8676171238258699
0,The role of large language models in modern society is," not just to support the social contract but also as a means to promote and advance its development.
",8,635, also,0.397581658180834,0.4450658369321485,0.8933097649583165
0,The role of large language models in modern society is," not just to support the social contract but also as a means to promote and advance its development.
",9,355, as,0.01321585790064637,0.01619962845978238,0.815812407886786
0,The role of large language models in modern society is," not just to support the social contract but also as a means to promote and advance its development.
",10,257, a,0.6680237417270785,0.4302539187106798,1.5526267459199707
0,The role of large language models in modern society is," not just to support the social contract but also as a means to promote and advance its development.
",11,1724, means,0.2417109729464831,0.08957193000655758,2.6985125019499683
0,The role of large language models in modern society is," not just to support the social contract but also as a means to promote and advance its development.
",12,284, to,0.29119315674204377,0.360684111591649,0.8073356917693124
0,The role of large language models in modern society is," not just to support the social contract but also as a means to promote and advance its development.
",13,7719, promote,0.026106797724977066,0.014359927137464194,1.8180313503726622
0,The role of large language models in modern society is," not just to support the social contract but also as a means to promote and advance its development.
",14,290, and,0.06301332511166997,0.02076910861505471,3.0339927572045196
0,The role of large language models in modern society is," not just to support the social contract but also as a means to promote and advance its development.
",15,5963, advance,0.014060012418658509,0.005579027894138605,2.5201545296861
0,The role of large language models in modern society is," not just to support the social contract but also as a means to promote and advance its development.
",16,663, its,0.01537875222551934,0.009608416437504885,1.6005501349307563
0,The role of large language models in modern society is," not just to support the social contract but also as a means to promote and advance its development.
",17,2478, development,0.20385417086183472,0.025718753148005553,7.926285138657403
0,The role of large language models in modern society is," not just to support the social contract but also as a means to promote and advance its development.
",18,13,.,0.6050393804396564,0.6256737429537992,0.967020571429563
0,The role of large language models in modern society is," not just to support the social contract but also as a means to promote and advance its development.
",19,198,"
",0.16869984009622632,0.07808094369904339,2.1605763468544392
1,"In machine learning, a surprising property of neural networks is"," that they are able to capture information from other systems and then use this data as the basis for new insights. This means we can infer certain outcomes based on our own experiences rather than relying on others' predictions about how things might turn out in practice.""
— Stephen Hawking (1929-2001)",0,326, that,0.5903420774835141,0.7334398286644663,0.804895036254683
1,"In machine learning, a surprising property of neural networks is"," that they are able to capture information from other systems and then use this data as the basis for new insights. This means we can infer certain outcomes based on our own experiences rather than relying on others' predictions about how things might turn out in practice.""
— Stephen Hawking (1929-2001)",1,484, they,0.46278925847079283,0.5193465710493819,0.8910990931078828
1,"In machine learning, a surprising property of neural networks is"," that they are able to capture information from other systems and then use this data as the basis for new insights. This means we can infer certain outcomes based on our own experiences rather than relying on others' predictions about how things might turn out in practice.""
— Stephen Hawking (1929-2001)",2,389, are,0.13371843527643806,0.22585440053571174,0.592055921687896
1,"In machine learning, a surprising property of neural networks is"," that they are able to capture information from other systems and then use this data as the basis for new insights. This means we can infer certain outcomes based on our own experiences rather than relying on others' predictions about how things might turn out in practice.""
— Stephen Hawking (1929-2001)",3,1498, able,0.21666136797312963,0.11467943038780612,1.8892783757336074
1,"In machine learning, a surprising property of neural networks is"," that they are able to capture information from other systems and then use this data as the basis for new insights. This means we can infer certain outcomes based on our own experiences rather than relying on others' predictions about how things might turn out in practice.""
— Stephen Hawking (1929-2001)",4,284, to,0.9952423320826426,0.9973821211753444,0.997854594495658
1,"In machine learning, a surprising property of neural networks is"," that they are able to capture information from other systems and then use this data as the basis for new insights. This means we can infer certain outcomes based on our own experiences rather than relying on others' predictions about how things might turn out in practice.""
— Stephen Hawking (1929-2001)",5,8006, capture,0.013021063021283228,0.007367070583354446,1.7674682051647115
1,"In machine learning, a surprising property of neural networks is"," that they are able to capture information from other systems and then use this data as the basis for new insights. This means we can infer certain outcomes based on our own experiences rather than relying on others' predictions about how things might turn out in practice.""
— Stephen Hawking (1929-2001)",6,1321, information,0.1367582898137765,0.08872504462020507,1.5413718910954817
1,"In machine learning, a surprising property of neural networks is"," that they are able to capture information from other systems and then use this data as the basis for new insights. This means we can infer certain outcomes based on our own experiences rather than relying on others' predictions about how things might turn out in practice.""
— Stephen Hawking (1929-2001)",7,422, from,0.1492852168193157,0.2458263673465195,0.6072791069189158
1,"In machine learning, a surprising property of neural networks is"," that they are able to capture information from other systems and then use this data as the basis for new insights. This means we can infer certain outcomes based on our own experiences rather than relying on others' predictions about how things might turn out in practice.""
— Stephen Hawking (1929-2001)",8,584, other,0.03468028364660564,0.005842651883287458,5.935709390081316
1,"In machine learning, a surprising property of neural networks is"," that they are able to capture information from other systems and then use this data as the basis for new insights. This means we can infer certain outcomes based on our own experiences rather than relying on others' predictions about how things might turn out in practice.""
— Stephen Hawking (1929-2001)",9,3341, systems,0.03986943379435748,0.03846202760612825,1.0365920955244956
1,"In machine learning, a surprising property of neural networks is"," that they are able to capture information from other systems and then use this data as the basis for new insights. This means we can infer certain outcomes based on our own experiences rather than relying on others' predictions about how things might turn out in practice.""
— Stephen Hawking (1929-2001)",10,290, and,0.10476182429113719,0.08157104676367628,1.284301580616565
1,"In machine learning, a surprising property of neural networks is"," that they are able to capture information from other systems and then use this data as the basis for new insights. This means we can infer certain outcomes based on our own experiences rather than relying on others' predictions about how things might turn out in practice.""
— Stephen Hawking (1929-2001)",11,788, then,0.08603828775361635,0.06805645173805887,1.2642194172092225
1,"In machine learning, a surprising property of neural networks is"," that they are able to capture information from other systems and then use this data as the basis for new insights. This means we can infer certain outcomes based on our own experiences rather than relying on others' predictions about how things might turn out in practice.""
— Stephen Hawking (1929-2001)",12,779, use,0.061489656293180095,0.08666187933478343,0.7095352277745957
1,"In machine learning, a surprising property of neural networks is"," that they are able to capture information from other systems and then use this data as the basis for new insights. This means we can infer certain outcomes based on our own experiences rather than relying on others' predictions about how things might turn out in practice.""
— Stephen Hawking (1929-2001)",13,428, this,0.0967294508257771,0.1977052727757741,0.48926085514917983
1,"In machine learning, a surprising property of neural networks is"," that they are able to capture information from other systems and then use this data as the basis for new insights. This means we can infer certain outcomes based on our own experiences rather than relying on others' predictions about how things might turn out in practice.""
— Stephen Hawking (1929-2001)",14,1366, data,0.018980030734039796,0.03867220908301856,0.4907925144202367
1,"In machine learning, a surprising property of neural networks is"," that they are able to capture information from other systems and then use this data as the basis for new insights. This means we can infer certain outcomes based on our own experiences rather than relying on others' predictions about how things might turn out in practice.""
— Stephen Hawking (1929-2001)",15,355, as,0.017082255863242406,0.009162099879794473,1.8644476798287863
1,"In machine learning, a surprising property of neural networks is"," that they are able to capture information from other systems and then use this data as the basis for new insights. This means we can infer certain outcomes based on our own experiences rather than relying on others' predictions about how things might turn out in practice.""
— Stephen Hawking (1929-2001)",16,262, the,0.06555297599721495,0.044385987881748426,1.4768844656980231
1,"In machine learning, a surprising property of neural networks is"," that they are able to capture information from other systems and then use this data as the basis for new insights. This means we can infer certain outcomes based on our own experiences rather than relying on others' predictions about how things might turn out in practice.""
— Stephen Hawking (1929-2001)",17,4308, basis,0.6815653387651356,0.7675887398691958,0.8879303504130096
1,"In machine learning, a surprising property of neural networks is"," that they are able to capture information from other systems and then use this data as the basis for new insights. This means we can infer certain outcomes based on our own experiences rather than relying on others' predictions about how things might turn out in practice.""
— Stephen Hawking (1929-2001)",18,329, for,0.8391330181465425,0.7875609707905147,1.065483244178876
1,"In machine learning, a surprising property of neural networks is"," that they are able to capture information from other systems and then use this data as the basis for new insights. This means we can infer certain outcomes based on our own experiences rather than relying on others' predictions about how things might turn out in practice.""
— Stephen Hawking (1929-2001)",19,649, new,0.030140682139958474,0.053803401206534394,0.5602003119516151
1,"In machine learning, a surprising property of neural networks is"," that they are able to capture information from other systems and then use this data as the basis for new insights. This means we can infer certain outcomes based on our own experiences rather than relying on others' predictions about how things might turn out in practice.""
— Stephen Hawking (1929-2001)",20,17218, insights,0.019278260849083448,0.008561189256136114,2.2518204273157516
1,"In machine learning, a surprising property of neural networks is"," that they are able to capture information from other systems and then use this data as the basis for new insights. This means we can infer certain outcomes based on our own experiences rather than relying on others' predictions about how things might turn out in practice.""
— Stephen Hawking (1929-2001)",21,13,.,0.5507161908375425,0.7175383958373758,0.7675076261178333
1,"In machine learning, a surprising property of neural networks is"," that they are able to capture information from other systems and then use this data as the basis for new insights. This means we can infer certain outcomes based on our own experiences rather than relying on others' predictions about how things might turn out in practice.""
— Stephen Hawking (1929-2001)",22,770, This,0.14039614650588986,0.13859913032293056,1.012965566080915
1,"In machine learning, a surprising property of neural networks is"," that they are able to capture information from other systems and then use this data as the basis for new insights. This means we can infer certain outcomes based on our own experiences rather than relying on others' predictions about how things might turn out in practice.""
— Stephen Hawking (1929-2001)",23,1724, means,0.039880690029716274,0.0592596498893546,0.6729822080315807
1,"In machine learning, a surprising property of neural networks is"," that they are able to capture information from other systems and then use this data as the basis for new insights. This means we can infer certain outcomes based on our own experiences rather than relying on others' predictions about how things might turn out in practice.""
— Stephen Hawking (1929-2001)",24,356, we,0.019974732827153795,0.013786213231112857,1.4488919105120637
1,"In machine learning, a surprising property of neural networks is"," that they are able to capture information from other systems and then use this data as the basis for new insights. This means we can infer certain outcomes based on our own experiences rather than relying on others' predictions about how things might turn out in practice.""
— Stephen Hawking (1929-2001)",25,460, can,0.6498466163710437,0.5494628742392944,1.1826943126425529
1,"In machine learning, a surprising property of neural networks is"," that they are able to capture information from other systems and then use this data as the basis for new insights. This means we can infer certain outcomes based on our own experiences rather than relying on others' predictions about how things might turn out in practice.""
— Stephen Hawking (1929-2001)",26,13249, infer,0.008666766206125403,0.004387514999865032,1.9753245758457822
1,"In machine learning, a surprising property of neural networks is"," that they are able to capture information from other systems and then use this data as the basis for new insights. This means we can infer certain outcomes based on our own experiences rather than relying on others' predictions about how things might turn out in practice.""
— Stephen Hawking (1929-2001)",27,1728, certain,0.004002439874254202,0.010748485096147137,0.37237246351012776
1,"In machine learning, a surprising property of neural networks is"," that they are able to capture information from other systems and then use this data as the basis for new insights. This means we can infer certain outcomes based on our own experiences rather than relying on others' predictions about how things might turn out in practice.""
— Stephen Hawking (1929-2001)",28,10906, outcomes,0.00945445981139707,0.0033971732436099446,2.783037288186828
1,"In machine learning, a surprising property of neural networks is"," that they are able to capture information from other systems and then use this data as the basis for new insights. This means we can infer certain outcomes based on our own experiences rather than relying on others' predictions about how things might turn out in practice.""
— Stephen Hawking (1929-2001)",29,1912, based,0.050405274613767384,0.055314546265989736,0.9112480896324223
1,"In machine learning, a surprising property of neural networks is"," that they are able to capture information from other systems and then use this data as the basis for new insights. This means we can infer certain outcomes based on our own experiences rather than relying on others' predictions about how things might turn out in practice.""
— Stephen Hawking (1929-2001)",30,319, on,0.9458158281608524,0.9326331424036067,1.0141349102427037
1,"In machine learning, a surprising property of neural networks is"," that they are able to capture information from other systems and then use this data as the basis for new insights. This means we can infer certain outcomes based on our own experiences rather than relying on others' predictions about how things might turn out in practice.""
— Stephen Hawking (1929-2001)",31,674, our,0.10413830892325389,0.014945403305175247,6.967915605676108
1,"In machine learning, a surprising property of neural networks is"," that they are able to capture information from other systems and then use this data as the basis for new insights. This means we can infer certain outcomes based on our own experiences rather than relying on others' predictions about how things might turn out in practice.""
— Stephen Hawking (1929-2001)",32,898, own,0.06707807107761439,0.12503296500031635,0.5364830872997748
1,"In machine learning, a surprising property of neural networks is"," that they are able to capture information from other systems and then use this data as the basis for new insights. This means we can infer certain outcomes based on our own experiences rather than relying on others' predictions about how things might turn out in practice.""
— Stephen Hawking (1929-2001)",33,6461, experiences,0.041247010897105786,0.029136377673229394,1.4156533581387394
1,"In machine learning, a surprising property of neural networks is"," that they are able to capture information from other systems and then use this data as the basis for new insights. This means we can infer certain outcomes based on our own experiences rather than relying on others' predictions about how things might turn out in practice.""
— Stephen Hawking (1929-2001)",34,2138, rather,0.024210947669745363,0.015178927867836674,1.5950367430790058
1,"In machine learning, a surprising property of neural networks is"," that they are able to capture information from other systems and then use this data as the basis for new insights. This means we can infer certain outcomes based on our own experiences rather than relying on others' predictions about how things might turn out in practice.""
— Stephen Hawking (1929-2001)",35,621, than,0.9965454881303825,0.9976344172063613,0.998908488864059
1,"In machine learning, a surprising property of neural networks is"," that they are able to capture information from other systems and then use this data as the basis for new insights. This means we can infer certain outcomes based on our own experiences rather than relying on others' predictions about how things might turn out in practice.""
— Stephen Hawking (1929-2001)",36,17965, relying,0.23600768068230535,0.20116190342126106,1.1732225469554858
1,"In machine learning, a surprising property of neural networks is"," that they are able to capture information from other systems and then use this data as the basis for new insights. This means we can infer certain outcomes based on our own experiences rather than relying on others' predictions about how things might turn out in practice.""
— Stephen Hawking (1929-2001)",37,319, on,0.9210309446674552,0.8228891790066661,1.119264863561894
1,"In machine learning, a surprising property of neural networks is"," that they are able to capture information from other systems and then use this data as the basis for new insights. This means we can infer certain outcomes based on our own experiences rather than relying on others' predictions about how things might turn out in practice.""
— Stephen Hawking (1929-2001)",38,1854, others,0.014288073420162828,0.009280630591931554,1.5395584684282846
1,"In machine learning, a surprising property of neural networks is"," that they are able to capture information from other systems and then use this data as the basis for new insights. This means we can infer certain outcomes based on our own experiences rather than relying on others' predictions about how things might turn out in practice.""
— Stephen Hawking (1929-2001)",39,6,',0.4093346620935925,0.35767299415782033,1.1444382684172594
1,"In machine learning, a surprising property of neural networks is"," that they are able to capture information from other systems and then use this data as the basis for new insights. This means we can infer certain outcomes based on our own experiences rather than relying on others' predictions about how things might turn out in practice.""
— Stephen Hawking (1929-2001)",40,16277, predictions,0.07910022827123885,0.0098414435365596,8.037461981811148
1,"In machine learning, a surprising property of neural networks is"," that they are able to capture information from other systems and then use this data as the basis for new insights. This means we can infer certain outcomes based on our own experiences rather than relying on others' predictions about how things might turn out in practice.""
— Stephen Hawking (1929-2001)",41,546, about,0.04942912271353449,0.010461321240708935,4.724940719838253
1,"In machine learning, a surprising property of neural networks is"," that they are able to capture information from other systems and then use this data as the basis for new insights. This means we can infer certain outcomes based on our own experiences rather than relying on others' predictions about how things might turn out in practice.""
— Stephen Hawking (1929-2001)",42,703, how,0.06711817665687786,0.08462866978288677,0.7930902946846294
1,"In machine learning, a surprising property of neural networks is"," that they are able to capture information from other systems and then use this data as the basis for new insights. This means we can infer certain outcomes based on our own experiences rather than relying on others' predictions about how things might turn out in practice.""
— Stephen Hawking (1929-2001)",43,1243, things,0.09695595478959539,0.06338282670253159,1.5296880848282337
1,"In machine learning, a surprising property of neural networks is"," that they are able to capture information from other systems and then use this data as the basis for new insights. This means we can infer certain outcomes based on our own experiences rather than relying on others' predictions about how things might turn out in practice.""
— Stephen Hawking (1929-2001)",44,1244, might,0.1609898644255719,0.07147241496424703,2.2524755110920007
1,"In machine learning, a surprising property of neural networks is"," that they are able to capture information from other systems and then use this data as the basis for new insights. This means we can infer certain outcomes based on our own experiences rather than relying on others' predictions about how things might turn out in practice.""
— Stephen Hawking (1929-2001)",45,1210, turn,0.1875118043816331,0.09111961372004264,2.0578643469423317
1,"In machine learning, a surprising property of neural networks is"," that they are able to capture information from other systems and then use this data as the basis for new insights. This means we can infer certain outcomes based on our own experiences rather than relying on others' predictions about how things might turn out in practice.""
— Stephen Hawking (1929-2001)",46,503, out,0.9986202705950388,0.9996139110174099,0.9990059757958352
1,"In machine learning, a surprising property of neural networks is"," that they are able to capture information from other systems and then use this data as the basis for new insights. This means we can infer certain outcomes based on our own experiences rather than relying on others' predictions about how things might turn out in practice.""
— Stephen Hawking (1929-2001)",47,287, in,0.0723414827731518,0.05506954280660246,1.3136387027436618
1,"In machine learning, a surprising property of neural networks is"," that they are able to capture information from other systems and then use this data as the basis for new insights. This means we can infer certain outcomes based on our own experiences rather than relying on others' predictions about how things might turn out in practice.""
— Stephen Hawking (1929-2001)",48,3357, practice,0.037996869184655675,0.015939649739742982,2.383795742381749
1,"In machine learning, a surprising property of neural networks is"," that they are able to capture information from other systems and then use this data as the basis for new insights. This means we can infer certain outcomes based on our own experiences rather than relying on others' predictions about how things might turn out in practice.""
— Stephen Hawking (1929-2001)",49,526,".""",0.0035971323771901657,0.006012870777039915,0.598238763241974
1,"In machine learning, a surprising property of neural networks is"," that they are able to capture information from other systems and then use this data as the basis for new insights. This means we can infer certain outcomes based on our own experiences rather than relying on others' predictions about how things might turn out in practice.""
— Stephen Hawking (1929-2001)",50,198,"
",0.7940756501551719,0.7478576011342564,1.0618006007438017
1,"In machine learning, a surprising property of neural networks is"," that they are able to capture information from other systems and then use this data as the basis for new insights. This means we can infer certain outcomes based on our own experiences rather than relying on others' predictions about how things might turn out in practice.""
— Stephen Hawking (1929-2001)",51,960,—,5.473945297463842e-06,6.480882459169173e-07,8.446296213441252
1,"In machine learning, a surprising property of neural networks is"," that they are able to capture information from other systems and then use this data as the basis for new insights. This means we can infer certain outcomes based on our own experiences rather than relying on others' predictions about how things might turn out in practice.""
— Stephen Hawking (1929-2001)",52,7970, Stephen,0.004093673796713962,0.002608355930805142,1.5694460055726887
1,"In machine learning, a surprising property of neural networks is"," that they are able to capture information from other systems and then use this data as the basis for new insights. This means we can infer certain outcomes based on our own experiences rather than relying on others' predictions about how things might turn out in practice.""
— Stephen Hawking (1929-2001)",53,50220, Hawking,0.13142993569077285,0.059487713522754615,2.2093627054685783
1,"In machine learning, a surprising property of neural networks is"," that they are able to capture information from other systems and then use this data as the basis for new insights. This means we can infer certain outcomes based on our own experiences rather than relying on others' predictions about how things might turn out in practice.""
— Stephen Hawking (1929-2001)",54,357, (,0.014398241134070393,0.0371658719718504,0.3874049059033429
1,"In machine learning, a surprising property of neural networks is"," that they are able to capture information from other systems and then use this data as the basis for new insights. This means we can infer certain outcomes based on our own experiences rather than relying on others' predictions about how things might turn out in practice.""
— Stephen Hawking (1929-2001)",55,1129,19,0.022112032790614747,0.019223431620286367,1.150264595176652
1,"In machine learning, a surprising property of neural networks is"," that they are able to capture information from other systems and then use this data as the basis for new insights. This means we can infer certain outcomes based on our own experiences rather than relying on others' predictions about how things might turn out in practice.""
— Stephen Hawking (1929-2001)",56,1959,29,0.03017072781158087,0.0169434137328264,1.7806758595009513
1,"In machine learning, a surprising property of neural networks is"," that they are able to capture information from other systems and then use this data as the basis for new insights. This means we can infer certain outcomes based on our own experiences rather than relying on others' predictions about how things might turn out in practice.""
— Stephen Hawking (1929-2001)",57,12,-,0.5042576731521281,0.3224833621215575,1.5636703544477815
1,"In machine learning, a surprising property of neural networks is"," that they are able to capture information from other systems and then use this data as the basis for new insights. This means we can infer certain outcomes based on our own experiences rather than relying on others' predictions about how things might turn out in practice.""
— Stephen Hawking (1929-2001)",58,14585,2001,0.02249741923087704,0.014227497611707069,1.5812632582953368
1,"In machine learning, a surprising property of neural networks is"," that they are able to capture information from other systems and then use this data as the basis for new insights. This means we can infer certain outcomes based on our own experiences rather than relying on others' predictions about how things might turn out in practice.""
— Stephen Hawking (1929-2001)",59,8,),0.7378019209152678,0.6991567005216475,1.0552740470981494
2,A simple explanation of why reinforcement learning is hard is," that it doesn't take into account what other people are saying, and the only way to make sure your argument works in a good manner isn´t by asking them if they like or dislike something. It takes their point from somewhere else - you can say ""no"", but I would never do this",0,326, that,0.6282396809245847,0.6681201065860429,0.9403094963490338
2,A simple explanation of why reinforcement learning is hard is," that it doesn't take into account what other people are saying, and the only way to make sure your argument works in a good manner isn´t by asking them if they like or dislike something. It takes their point from somewhere else - you can say ""no"", but I would never do this",1,340, it,0.29356214427927163,0.35311234525563717,0.8313562191283516
2,A simple explanation of why reinforcement learning is hard is," that it doesn't take into account what other people are saying, and the only way to make sure your argument works in a good manner isn´t by asking them if they like or dislike something. It takes their point from somewhere else - you can say ""no"", but I would never do this",2,1595, doesn,0.029710495793375553,0.01976672779975923,1.503055846893255
2,A simple explanation of why reinforcement learning is hard is," that it doesn't take into account what other people are saying, and the only way to make sure your argument works in a good manner isn´t by asking them if they like or dislike something. It takes their point from somewhere else - you can say ""no"", but I would never do this",3,470,'t,0.9992107426934044,0.9998375441343129,0.9993730967149757
2,A simple explanation of why reinforcement learning is hard is," that it doesn't take into account what other people are saying, and the only way to make sure your argument works in a good manner isn´t by asking them if they like or dislike something. It takes their point from somewhere else - you can say ""no"", but I would never do this",4,1011, take,0.04782145843720928,0.027769499381002923,1.7220857236599618
2,A simple explanation of why reinforcement learning is hard is," that it doesn't take into account what other people are saying, and the only way to make sure your argument works in a good manner isn´t by asking them if they like or dislike something. It takes their point from somewhere else - you can say ""no"", but I would never do this",5,656, into,0.31697731600971113,0.3949320459444245,0.8026122956208945
2,A simple explanation of why reinforcement learning is hard is," that it doesn't take into account what other people are saying, and the only way to make sure your argument works in a good manner isn´t by asking them if they like or dislike something. It takes their point from somewhere else - you can say ""no"", but I would never do this",6,1848, account,0.9576527396051087,0.9461667008606941,1.012139550814847
2,A simple explanation of why reinforcement learning is hard is," that it doesn't take into account what other people are saying, and the only way to make sure your argument works in a good manner isn´t by asking them if they like or dislike something. It takes their point from somewhere else - you can say ""no"", but I would never do this",7,644, what,0.03794281542743637,0.03093034694861143,1.2267180672261988
2,A simple explanation of why reinforcement learning is hard is," that it doesn't take into account what other people are saying, and the only way to make sure your argument works in a good manner isn´t by asking them if they like or dislike something. It takes their point from somewhere else - you can say ""no"", but I would never do this",8,584, other,0.025156783983444918,0.008848168552964018,2.84316283453006
2,A simple explanation of why reinforcement learning is hard is," that it doesn't take into account what other people are saying, and the only way to make sure your argument works in a good manner isn´t by asking them if they like or dislike something. It takes their point from somewhere else - you can say ""no"", but I would never do this",9,661, people,0.2663082185896381,0.4495910443816104,0.5923343489991699
2,A simple explanation of why reinforcement learning is hard is," that it doesn't take into account what other people are saying, and the only way to make sure your argument works in a good manner isn´t by asking them if they like or dislike something. It takes their point from somewhere else - you can say ""no"", but I would never do this",10,389, are,0.27310814014163876,0.21843754609420857,1.250280206058768
2,A simple explanation of why reinforcement learning is hard is," that it doesn't take into account what other people are saying, and the only way to make sure your argument works in a good manner isn´t by asking them if they like or dislike something. It takes their point from somewhere else - you can say ""no"", but I would never do this",11,2282, saying,0.10030848460226378,0.005367020753742186,18.689788842780814
2,A simple explanation of why reinforcement learning is hard is," that it doesn't take into account what other people are saying, and the only way to make sure your argument works in a good manner isn´t by asking them if they like or dislike something. It takes their point from somewhere else - you can say ""no"", but I would never do this",12,11,",",0.15891523734030544,0.0949584362600897,1.6735241606658207
2,A simple explanation of why reinforcement learning is hard is," that it doesn't take into account what other people are saying, and the only way to make sure your argument works in a good manner isn´t by asking them if they like or dislike something. It takes their point from somewhere else - you can say ""no"", but I would never do this",13,290, and,0.20662606408430026,0.12242432866282793,1.6877859682071408
2,A simple explanation of why reinforcement learning is hard is," that it doesn't take into account what other people are saying, and the only way to make sure your argument works in a good manner isn´t by asking them if they like or dislike something. It takes their point from somewhere else - you can say ""no"", but I would never do this",14,262, the,0.040352522689157816,0.027149195063821383,1.4863248282057169
2,A simple explanation of why reinforcement learning is hard is," that it doesn't take into account what other people are saying, and the only way to make sure your argument works in a good manner isn´t by asking them if they like or dislike something. It takes their point from somewhere else - you can say ""no"", but I would never do this",15,691, only,0.025076104670870323,0.03212455235760141,0.7805900107721421
2,A simple explanation of why reinforcement learning is hard is," that it doesn't take into account what other people are saying, and the only way to make sure your argument works in a good manner isn´t by asking them if they like or dislike something. It takes their point from somewhere else - you can say ""no"", but I would never do this",16,835, way,0.3574543709880664,0.4755759543815365,0.7516241468787431
2,A simple explanation of why reinforcement learning is hard is," that it doesn't take into account what other people are saying, and the only way to make sure your argument works in a good manner isn´t by asking them if they like or dislike something. It takes their point from somewhere else - you can say ""no"", but I would never do this",17,284, to,0.6810201938344626,0.5924334255792091,1.1495303344314918
2,A simple explanation of why reinforcement learning is hard is," that it doesn't take into account what other people are saying, and the only way to make sure your argument works in a good manner isn´t by asking them if they like or dislike something. It takes their point from somewhere else - you can say ""no"", but I would never do this",18,787, make,0.03832568177506628,0.061114345119010795,0.627114332984063
2,A simple explanation of why reinforcement learning is hard is," that it doesn't take into account what other people are saying, and the only way to make sure your argument works in a good manner isn´t by asking them if they like or dislike something. It takes their point from somewhere else - you can say ""no"", but I would never do this",19,1654, sure,0.10142444101862398,0.17317848479924486,0.5856642130585625
2,A simple explanation of why reinforcement learning is hard is," that it doesn't take into account what other people are saying, and the only way to make sure your argument works in a good manner isn´t by asking them if they like or dislike something. It takes their point from somewhere else - you can say ""no"", but I would never do this",20,534, your,0.039373358536527875,0.09788002780379772,0.4022614155305767
2,A simple explanation of why reinforcement learning is hard is," that it doesn't take into account what other people are saying, and the only way to make sure your argument works in a good manner isn´t by asking them if they like or dislike something. It takes their point from somewhere else - you can say ""no"", but I would never do this",21,4578, argument,0.017063800095296153,0.0028398646399818974,6.0086667001864305
2,A simple explanation of why reinforcement learning is hard is," that it doesn't take into account what other people are saying, and the only way to make sure your argument works in a good manner isn´t by asking them if they like or dislike something. It takes their point from somewhere else - you can say ""no"", but I would never do this",22,2499, works,0.04117013116335638,0.02564800960689535,1.6051979001243035
2,A simple explanation of why reinforcement learning is hard is," that it doesn't take into account what other people are saying, and the only way to make sure your argument works in a good manner isn´t by asking them if they like or dislike something. It takes their point from somewhere else - you can say ""no"", but I would never do this",23,287, in,0.029364028987403333,0.030208134364203377,0.9720570172714701
2,A simple explanation of why reinforcement learning is hard is," that it doesn't take into account what other people are saying, and the only way to make sure your argument works in a good manner isn´t by asking them if they like or dislike something. It takes their point from somewhere else - you can say ""no"", but I would never do this",24,257, a,0.13451889766821984,0.15659607421438196,0.8590183268838644
2,A simple explanation of why reinforcement learning is hard is," that it doesn't take into account what other people are saying, and the only way to make sure your argument works in a good manner isn´t by asking them if they like or dislike something. It takes their point from somewhere else - you can say ""no"", but I would never do this",25,922, good,0.01585868149242623,0.001507170238656184,10.522156744924896
2,A simple explanation of why reinforcement learning is hard is," that it doesn't take into account what other people are saying, and the only way to make sure your argument works in a good manner isn´t by asking them if they like or dislike something. It takes their point from somewhere else - you can say ""no"", but I would never do this",26,5642, manner,0.016895579513532183,0.03898493340507248,0.4333874150297723
2,A simple explanation of why reinforcement learning is hard is," that it doesn't take into account what other people are saying, and the only way to make sure your argument works in a good manner isn´t by asking them if they like or dislike something. It takes their point from somewhere else - you can say ""no"", but I would never do this",27,2125, isn,0.006054686816141528,0.00283761628237142,2.133722890496517
2,A simple explanation of why reinforcement learning is hard is," that it doesn't take into account what other people are saying, and the only way to make sure your argument works in a good manner isn´t by asking them if they like or dislike something. It takes their point from somewhere else - you can say ""no"", but I would never do this",28,18265,´,0.0001136701656364626,1.4203832310045011e-05,8.00278144343302
2,A simple explanation of why reinforcement learning is hard is," that it doesn't take into account what other people are saying, and the only way to make sure your argument works in a good manner isn´t by asking them if they like or dislike something. It takes their point from somewhere else - you can say ""no"", but I would never do this",29,83,t,0.9998317048053932,0.9991480224232306,1.0006842653609067
2,A simple explanation of why reinforcement learning is hard is," that it doesn't take into account what other people are saying, and the only way to make sure your argument works in a good manner isn´t by asking them if they like or dislike something. It takes their point from somewhere else - you can say ""no"", but I would never do this",30,416, by,0.18194657184869303,0.11874228930366622,1.5322811520282467
2,A simple explanation of why reinforcement learning is hard is," that it doesn't take into account what other people are saying, and the only way to make sure your argument works in a good manner isn´t by asking them if they like or dislike something. It takes their point from somewhere else - you can say ""no"", but I would never do this",31,4737, asking,0.05153790870783735,0.042167610083975016,1.2222155489770887
2,A simple explanation of why reinforcement learning is hard is," that it doesn't take into account what other people are saying, and the only way to make sure your argument works in a good manner isn´t by asking them if they like or dislike something. It takes their point from somewhere else - you can say ""no"", but I would never do this",32,606, them,0.168729847762156,0.29713057551428024,0.5678643050117431
2,A simple explanation of why reinforcement learning is hard is," that it doesn't take into account what other people are saying, and the only way to make sure your argument works in a good manner isn´t by asking them if they like or dislike something. It takes their point from somewhere else - you can say ""no"", but I would never do this",33,611, if,0.01940934037914685,0.013924039800563098,1.3939446207530894
2,A simple explanation of why reinforcement learning is hard is," that it doesn't take into account what other people are saying, and the only way to make sure your argument works in a good manner isn´t by asking them if they like or dislike something. It takes their point from somewhere else - you can say ""no"", but I would never do this",34,484, they,0.719105436024288,0.663708937376054,1.0834650485003892
2,A simple explanation of why reinforcement learning is hard is," that it doesn't take into account what other people are saying, and the only way to make sure your argument works in a good manner isn´t by asking them if they like or dislike something. It takes their point from somewhere else - you can say ""no"", but I would never do this",35,588, like,0.039997232034594654,0.07403506773748264,0.5402471187899618
2,A simple explanation of why reinforcement learning is hard is," that it doesn't take into account what other people are saying, and the only way to make sure your argument works in a good manner isn´t by asking them if they like or dislike something. It takes their point from somewhere else - you can say ""no"", but I would never do this",36,393, or,0.04874756437862552,0.03453591237243795,1.4115035923454986
2,A simple explanation of why reinforcement learning is hard is," that it doesn't take into account what other people are saying, and the only way to make sure your argument works in a good manner isn´t by asking them if they like or dislike something. It takes their point from somewhere else - you can say ""no"", but I would never do this",37,23109, dislike,0.8402970396010284,0.5731741042469649,1.466041528001355
2,A simple explanation of why reinforcement learning is hard is," that it doesn't take into account what other people are saying, and the only way to make sure your argument works in a good manner isn´t by asking them if they like or dislike something. It takes their point from somewhere else - you can say ""no"", but I would never do this",38,1223, something,0.06823949870538723,0.21896449680008848,0.31164640707798824
2,A simple explanation of why reinforcement learning is hard is," that it doesn't take into account what other people are saying, and the only way to make sure your argument works in a good manner isn´t by asking them if they like or dislike something. It takes their point from somewhere else - you can say ""no"", but I would never do this",39,13,.,0.535034447316082,0.6499232946034689,0.8232270665763983
2,A simple explanation of why reinforcement learning is hard is," that it doesn't take into account what other people are saying, and the only way to make sure your argument works in a good manner isn´t by asking them if they like or dislike something. It takes their point from somewhere else - you can say ""no"", but I would never do this",40,632, It,0.04516377138738672,0.043833495953523316,1.0303483763940229
2,A simple explanation of why reinforcement learning is hard is," that it doesn't take into account what other people are saying, and the only way to make sure your argument works in a good manner isn´t by asking them if they like or dislike something. It takes their point from somewhere else - you can say ""no"", but I would never do this",41,2753, takes,0.07285649103140925,0.07719935523309795,0.9437448125236831
2,A simple explanation of why reinforcement learning is hard is," that it doesn't take into account what other people are saying, and the only way to make sure your argument works in a good manner isn´t by asking them if they like or dislike something. It takes their point from somewhere else - you can say ""no"", but I would never do this",42,511, their,0.0062688482827356964,0.0007605142614863054,8.242906938371174
2,A simple explanation of why reinforcement learning is hard is," that it doesn't take into account what other people are saying, and the only way to make sure your argument works in a good manner isn´t by asking them if they like or dislike something. It takes their point from somewhere else - you can say ""no"", but I would never do this",43,966, point,0.013663797439188304,0.004618752136938876,2.958330959115749
2,A simple explanation of why reinforcement learning is hard is," that it doesn't take into account what other people are saying, and the only way to make sure your argument works in a good manner isn´t by asking them if they like or dislike something. It takes their point from somewhere else - you can say ""no"", but I would never do this",44,422, from,0.0015213186667066797,0.002099294574110296,0.7246808930335235
2,A simple explanation of why reinforcement learning is hard is," that it doesn't take into account what other people are saying, and the only way to make sure your argument works in a good manner isn´t by asking them if they like or dislike something. It takes their point from somewhere else - you can say ""no"", but I would never do this",45,7382, somewhere,0.008852490002720856,0.017928678065287616,0.4937614457956324
2,A simple explanation of why reinforcement learning is hard is," that it doesn't take into account what other people are saying, and the only way to make sure your argument works in a good manner isn´t by asking them if they like or dislike something. It takes their point from somewhere else - you can say ""no"", but I would never do this",46,2073, else,0.09111370481803828,0.8467374866453296,0.10760561124914837
2,A simple explanation of why reinforcement learning is hard is," that it doesn't take into account what other people are saying, and the only way to make sure your argument works in a good manner isn´t by asking them if they like or dislike something. It takes their point from somewhere else - you can say ""no"", but I would never do this",47,532, -,0.007431875256749652,0.009536675808679857,0.7792941068611654
2,A simple explanation of why reinforcement learning is hard is," that it doesn't take into account what other people are saying, and the only way to make sure your argument works in a good manner isn´t by asking them if they like or dislike something. It takes their point from somewhere else - you can say ""no"", but I would never do this",48,345, you,0.0346912493100309,0.028834549842985335,1.2031139552702377
2,A simple explanation of why reinforcement learning is hard is," that it doesn't take into account what other people are saying, and the only way to make sure your argument works in a good manner isn´t by asking them if they like or dislike something. It takes their point from somewhere else - you can say ""no"", but I would never do this",49,460, can,0.19166834991318377,0.12929864729468543,1.4823693358241492
2,A simple explanation of why reinforcement learning is hard is," that it doesn't take into account what other people are saying, and the only way to make sure your argument works in a good manner isn´t by asking them if they like or dislike something. It takes their point from somewhere else - you can say ""no"", but I would never do this",50,910, say,0.036243599273181534,0.011187714802284003,3.239589130908334
2,A simple explanation of why reinforcement learning is hard is," that it doesn't take into account what other people are saying, and the only way to make sure your argument works in a good manner isn´t by asking them if they like or dislike something. It takes their point from somewhere else - you can say ""no"", but I would never do this",51,366," """,0.13082309073982704,0.12531218036105335,1.0439774518558012
2,A simple explanation of why reinforcement learning is hard is," that it doesn't take into account what other people are saying, and the only way to make sure your argument works in a good manner isn´t by asking them if they like or dislike something. It takes their point from somewhere else - you can say ""no"", but I would never do this",52,3919,no,0.04153823711619559,0.009746816576051313,4.261723486031149
2,A simple explanation of why reinforcement learning is hard is," that it doesn't take into account what other people are saying, and the only way to make sure your argument works in a good manner isn´t by asking them if they like or dislike something. It takes their point from somewhere else - you can say ""no"", but I would never do this",53,1600,""",",0.2031028742082563,0.05447233542444577,3.7285508804733385
2,A simple explanation of why reinforcement learning is hard is," that it doesn't take into account what other people are saying, and the only way to make sure your argument works in a good manner isn´t by asking them if they like or dislike something. It takes their point from somewhere else - you can say ""no"", but I would never do this",54,475, but,0.19129456824443025,0.4406124907266304,0.4341560266005153
2,A simple explanation of why reinforcement learning is hard is," that it doesn't take into account what other people are saying, and the only way to make sure your argument works in a good manner isn´t by asking them if they like or dislike something. It takes their point from somewhere else - you can say ""no"", but I would never do this",55,314, I,0.017260629445317484,0.005699969230818039,3.0281969509579794
2,A simple explanation of why reinforcement learning is hard is," that it doesn't take into account what other people are saying, and the only way to make sure your argument works in a good manner isn´t by asking them if they like or dislike something. It takes their point from somewhere else - you can say ""no"", but I would never do this",56,561, would,0.04436979969492571,0.02874596828092094,1.543513833359877
2,A simple explanation of why reinforcement learning is hard is," that it doesn't take into account what other people are saying, and the only way to make sure your argument works in a good manner isn´t by asking them if they like or dislike something. It takes their point from somewhere else - you can say ""no"", but I would never do this",57,1239, never,0.039365549044071885,0.07519585865953023,0.5235068758548281
2,A simple explanation of why reinforcement learning is hard is," that it doesn't take into account what other people are saying, and the only way to make sure your argument works in a good manner isn´t by asking them if they like or dislike something. It takes their point from somewhere else - you can say ""no"", but I would never do this",58,466, do,0.047780840664451624,0.03884573364121952,1.2300151441534621
2,A simple explanation of why reinforcement learning is hard is," that it doesn't take into account what other people are saying, and the only way to make sure your argument works in a good manner isn´t by asking them if they like or dislike something. It takes their point from somewhere else - you can say ""no"", but I would never do this",59,428, this,0.07567155496888966,0.06593887896026845,1.1476014782490562
